-- phpMyAdmin SQL Dump
-- version 5.0.2
-- https://www.phpmyadmin.net/
--
-- Host: 127.0.0.1
-- Generation Time: May 10, 2020 at 03:39 PM
-- Server version: 10.4.11-MariaDB
-- PHP Version: 7.4.4

SET SQL_MODE = "NO_AUTO_VALUE_ON_ZERO";
START TRANSACTION;
SET time_zone = "+00:00";


/*!40101 SET @OLD_CHARACTER_SET_CLIENT=@@CHARACTER_SET_CLIENT */;
/*!40101 SET @OLD_CHARACTER_SET_RESULTS=@@CHARACTER_SET_RESULTS */;
/*!40101 SET @OLD_COLLATION_CONNECTION=@@COLLATION_CONNECTION */;
/*!40101 SET NAMES utf8mb4 */;

--
-- Database: `appdev`
--

-- --------------------------------------------------------

--
-- Table structure for table `course`
--

CREATE TABLE `course` (
  `id` int(11) NOT NULL,
  `Course Name` varchar(50) NOT NULL,
  `description` varchar(200) NOT NULL,
  `topic_id` int(11) NOT NULL,
  `category_id` int(11) NOT NULL
) ENGINE=InnoDB DEFAULT CHARSET=latin1;

--
-- Dumping data for table `course`
--

INSERT INTO `course` (`id`, `Course Name`, `description`, `topic_id`, `category_id`) VALUES
(1, 'something', 'else', 5, 1),
(2, 'idontknow', 'something', 7, 2),
(3, 'wef', 'rgef', 7, 2);

-- --------------------------------------------------------

--
-- Table structure for table `course_category`
--

CREATE TABLE `course_category` (
  `category_id` int(11) NOT NULL,
  `category_name` varchar(50) NOT NULL,
  `category_description` varchar(200) NOT NULL
) ENGINE=InnoDB DEFAULT CHARSET=latin1;

--
-- Dumping data for table `course_category`
--

INSERT INTO `course_category` (`category_id`, `category_name`, `category_description`) VALUES
(1, 'Social', 'else'),
(2, 'Something', 'elses');

-- --------------------------------------------------------

--
-- Table structure for table `topic`
--

CREATE TABLE `topic` (
  `id` int(11) NOT NULL,
  `name` varchar(50) NOT NULL,
  `description` varchar(50) NOT NULL
) ENGINE=InnoDB DEFAULT CHARSET=latin1;

--
-- Dumping data for table `topic`
--

INSERT INTO `topic` (`id`, `name`, `description`) VALUES
(5, 'Communication', 'something'),
(7, 'something', 'something');

-- --------------------------------------------------------

--
-- Table structure for table `trainee`
--

CREATE TABLE `trainee` (
  `id` int(11) NOT NULL,
  `name` varchar(50) NOT NULL,
  `age` varchar(10) NOT NULL,
  `DoB` varchar(50) NOT NULL,
  `education` varchar(20) NOT NULL,
  `proLanguage` varchar(20) NOT NULL,
  `TOEIC` varchar(20) NOT NULL,
  `expDetail` varchar(100) NOT NULL,
  `department` varchar(20) NOT NULL,
  `location` varchar(100) NOT NULL,
  `course_id` int(11) NOT NULL
) ENGINE=InnoDB DEFAULT CHARSET=latin1;

--
-- Dumping data for table `trainee`
--

INSERT INTO `trainee` (`id`, `name`, `age`, `DoB`, `education`, `proLanguage`, `TOEIC`, `expDetail`, `department`, `location`, `course_id`) VALUES
(2, 'Huy', '19', '1/1/2000', 'h', 'h', 'h', 'h', 'h', 'h', 1),
(4, 'Nhat', '19', '1/1/2000', 'fawe', 'weg', 'wef', 'wegf', 'saf', 'sfsaf', 1);

-- --------------------------------------------------------

--
-- Table structure for table `trainer`
--

CREATE TABLE `trainer` (
  `id` int(11) NOT NULL,
  `name` varchar(50) NOT NULL,
  `type` varchar(50) NOT NULL,
  `working place` varchar(50) NOT NULL,
  `telephone` varchar(20) NOT NULL,
  `email` varchar(50) NOT NULL,
  `topic_id` int(11) NOT NULL,
  `username` varchar(50) NOT NULL
) ENGINE=InnoDB DEFAULT CHARSET=latin1;

--
-- Dumping data for table `trainer`
--

INSERT INTO `trainer` (`id`, `name`, `type`, `working place`, `telephone`, `email`, `topic_id`, `username`) VALUES
(4, 'Something', 'External', 'Home', '09094321', 'sadni@gmail.com', 5, 'trainer'),
(5, 'Man', 'Internal', 'home', '325325', 'sdg@gmail.com', 7, 'trainer2');

-- --------------------------------------------------------

--
-- Table structure for table `user`
--

CREATE TABLE `user` (
  `username` varchar(50) NOT NULL,
  `password` varchar(50) NOT NULL,
  `role` varchar(50) NOT NULL
) ENGINE=InnoDB DEFAULT CHARSET=latin1;

--
-- Dumping data for table `user`
--

INSERT INTO `user` (`username`, `password`, `role`) VALUES
('ad', 'ad', 'Staff'),
('admin', 'admin', 'Admin'),
('asd', 'asd', 'Staff'),
('sda', 'sda', 'Trainer'),
('staff', 'staff', 'Staff'),
('trainer', 'trainer', 'Trainer'),
('trainer2', 'trainer2', 'Trainer');

--
-- Indexes for dumped tables
--

--
-- Indexes for table `course`
--
ALTER TABLE `course`
  ADD PRIMARY KEY (`id`),
  ADD KEY `topic_id` (`topic_id`),
  ADD KEY `category_id` (`category_id`);

--
-- Indexes for table `course_category`
--
ALTER TABLE `course_category`
  ADD PRIMARY KEY (`category_id`);

--
-- Indexes for table `topic`
--
ALTER TABLE `topic`
  ADD PRIMARY KEY (`id`);

--
-- Indexes for table `trainee`
--
ALTER TABLE `trainee`
  ADD PRIMARY KEY (`id`),
  ADD KEY `course_id` (`course_id`);

--
-- Indexes for table `trainer`
--
ALTER TABLE `trainer`
  ADD PRIMARY KEY (`id`),
  ADD KEY `username` (`username`),
  ADD KEY `topic_id` (`topic_id`);

--
-- Indexes for table `user`
--
ALTER TABLE `user`
  ADD PRIMARY KEY (`username`);

--
-- AUTO_INCREMENT for dumped tables
--

--
-- AUTO_INCREMENT for table `course`
--
ALTER TABLE `course`
  MODIFY `id` int(11) NOT NULL AUTO_INCREMENT, AUTO_INCREMENT=4;

--
-- AUTO_INCREMENT for table `course_category`
--
ALTER TABLE `course_category`
  MODIFY `category_id` int(11) NOT NULL AUTO_INCREMENT, AUTO_INCREMENT=3;

--
-- AUTO_INCREMENT for table `topic`
--
ALTER TABLE `topic`
  MODIFY `id` int(11) NOT NULL AUTO_INCREMENT, AUTO_INCREMENT=8;

--
-- AUTO_INCREMENT for table `trainee`
--
ALTER TABLE `trainee`
  MODIFY `id` int(11) NOT NULL AUTO_INCREMENT, AUTO_INCREMENT=5;

--
-- AUTO_INCREMENT for table `trainer`
--
ALTER TABLE `trainer`
  MODIFY `id` int(11) NOT NULL AUTO_INCREMENT, AUTO_INCREMENT=6;

--
-- Constraints for dumped tables
--

--
-- Constraints for table `course`
--
ALTER TABLE `course`
  ADD CONSTRAINT `course_ibfk_1` FOREIGN KEY (`topic_id`) REFERENCES `topic` (`id`) ON UPDATE CASCADE,
  ADD CONSTRAINT `course_ibfk_2` FOREIGN KEY (`category_id`) REFERENCES `course_category` (`category_id`) ON UPDATE CASCADE;

--
-- Constraints for table `trainee`
--
ALTER TABLE `trainee`
  ADD CONSTRAINT `trainee_ibfk_1` FOREIGN KEY (`course_id`) REFERENCES `course` (`id`) ON UPDATE CASCADE;

--
-- Constraints for table `trainer`
--
ALTER TABLE `trainer`
  ADD CONSTRAINT `trainer_ibfk_1` FOREIGN KEY (`username`) REFERENCES `user` (`username`) ON DELETE CASCADE,
  ADD CONSTRAINT `trainer_ibfk_2` FOREIGN KEY (`topic_id`) REFERENCES `topic` (`id`) ON UPDATE CASCADE;
COMMIT;

/*!40101 SET CHARACTER_SET_CLIENT=@OLD_CHARACTER_SET_CLIENT */;
/*!40101 SET CHARACTER_SET_RESULTS=@OLD_CHARACTER_SET_RESULTS */;
/*!40101 SET COLLATION_CONNECTION=@OLD_COLLATION_CONNECTION */;
